const_num,constituency,votes,total_electors,Year,vote_share_percentage,vote_share_percent
1,Nippani,1447,212456,2018,0.6810822005497609,0.6810822005497609
2,Chikkodi-Sadalga,1363,211083,2018,0.6457175613384308,0.6457175613384308
3,Athani,842,214688,2018,0.3921970487404979,0.3921970487404979
4,Kagwad,754,182173,2018,0.4138922891976309,0.4138922891976309
5,Kudachi,348,180509,2018,0.19278817122691944,0.19278817122691944
6,Raybag,1184,195850,2018,0.6045442941026296,0.6045442941026296
7,Hukkeri,1830,194888,2018,0.9390008620335782,0.9390008620335782
8,Arabhavi,1398,231864,2018,0.6029396542800952,0.6029396542800952
9,Gokak,2121,242402,2018,0.874992780587619,0.874992780587619
10,Yemkanmardi,1702,188279,2018,0.9039776076992124,0.9039776076992124
11,Belgaum Uttar,1361,235098,2018,0.5789075194174345,0.5789075194174345
12,Belgaum Dakshin,1474,234896,2018,0.6275117498807983,0.6275117498807983
13,Belgaum Rural,1958,240389,2018,0.8145131432802665,0.8145131432802665
14,Khanapur,1561,206576,2018,0.7556540934087213,0.7556540934087213
15,Kittur,1456,188915,2018,0.770716989122092,0.770716989122092
16,Bailhongal,1352,184815,2018,0.7315423531639748,0.7315423531639748
17,Saundatti Yellamma,960,191740,2018,0.5006780014603108,0.5006780014603108
18,Ramdurg,1704,200580,2018,0.8495363446006581,0.8495363446006581
19,Mudhol,1608,196118,2018,0.8199145412455767,0.8199145412455767
20,Terdal,2014,220421,2018,0.9137060443424174,0.9137060443424174
21,Jamkhandi,379,203821,2018,0.18594747351843038,0.18594747351843038
22,Bilgi,848,218220,2018,0.38859866190083403,0.38859866190083403
23,Badami,2007,217721,2018,0.921821964808172,0.921821964808172
24,Bagalkot,1902,230918,2018,0.8236690080461462,0.8236690080461462
25,Hungund,1698,214145,2018,0.792920684582876,0.792920684582876
26,Muddebihal,1295,205694,2018,0.629575972075024,0.629575972075024
27,Devar Hippargi,1139,208670,2018,0.5458379259117266,0.5458379259117266
28,Basavana Bagevadi,1684,201271,2018,0.8366828802957207,0.8366828802957207
29,Babaleshwar,1786,211779,2018,0.8433319639813203,0.8433319639813203
30,Bijapur City,1399,247287,2018,0.5657394040123419,0.5657394040123419
31,Nagthan,1578,260452,2018,0.6058697955861349,0.6058697955861349
32,Indi,1244,232095,2018,0.5359874189448287,0.5359874189448287
33,Sindgi,1222,224963,2018,0.5432004374052622,0.5432004374052622
34,Afzalpur,1243,220007,2018,0.5649820232992587,0.5649820232992587
35,Jevargi,1310,234403,2018,0.5588665674074137,0.5588665674074137
36,Shorapur,1720,275668,2018,0.6239389410450251,0.6239389410450251
37,Shahapur,1422,225803,2018,0.6297524833593885,0.6297524833593885
38,Yadgir,1648,235682,2018,0.6992472908410485,0.6992472908410485
39,Gurmitkal,2418,245215,2018,0.9860734457516873,0.9860734457516873
40,Chittapur,1052,231920,2018,0.45360469127285274,0.45360469127285274
41,Sedam,1260,215147,2018,0.5856460931363208,0.5856460931363208
42,Chincholi,1082,193648,2018,0.5587457655126828,0.5587457655126828
43,Gulbarga Rural,1612,250497,2018,0.6435206808863978,0.6435206808863978
44,Gulbarga Dakshin,1114,263662,2018,0.42251063862065824,0.42251063862065824
45,Gulbarga Uttar,1116,274281,2018,0.4068819932842596,0.4068819932842596
46,Aland,1445,233841,2018,0.6179412506788801,0.6179412506788801
47,Basavakalyan,1410,224318,2018,0.6285719380522294,0.6285719380522294
48,Humnabad,1173,238628,2018,0.4915600851534606,0.4915600851534606
49,Bidar South,957,199222,2018,0.48036863398620633,0.48036863398620633
50,Bidar,690,216853,2018,0.3181878968702301,0.3181878968702301
51,Bhalki,1042,224708,2018,0.46371290741762644,0.46371290741762644
52,Aurad,964,214461,2018,0.44949897650388654,0.44949897650388654
53,Raichur Rural,1806,233464,2018,0.7735668025905493,0.7735668025905493
54,Raichur,587,228286,2018,0.2571335955774774,0.2571335955774774
55,Manvi,1870,244675,2018,0.7642791458056606,0.7642791458056606
56,Devadurga,1932,227846,2018,0.8479411532350798,0.8479411532350798
57,Lingsugur,2074,240984,2018,0.8606380506589649,0.8606380506589649
58,Sindhanur,1344,234521,2018,0.5730830074918665,0.5730830074918665
59,Maski,2049,198451,2018,1.0324966868395724,1.0324966868395724
60,Kushtagi,1867,224827,2018,0.8304162756252585,0.8304162756252585
61,Kanakagiri,1677,211567,2018,0.7926566997688675,0.7926566997688675
62,Gangawati,1615,194079,2018,0.8321353675565105,0.8321353675565105
63,Yelburga,1510,207232,2018,0.7286519456454601,0.7286519456454601
64,Koppal,1454,241032,2018,0.603239403896578,0.603239403896578
65,Shirahatti,1209,212260,2018,0.5695844718741166,0.5695844718741166
66,Gadag,2007,219575,2018,0.9140384834339065,0.9140384834339065
67,Ron,2671,224989,2018,1.1871691504918018,1.1871691504918018
68,Nargund,1173,187655,2018,0.6250832645013455,0.6250832645013455
69,Navalgund,1914,204041,2018,0.9380467651109337,0.9380467651109337
70,Kundgol,1032,187513,2018,0.5503618415789838,0.5503618415789838
71,Dharwad,1967,207025,2018,0.9501267962806423,0.9501267962806423
72,Hubli-Dharwad East,1260,194209,2018,0.6487855866617922,0.6487855866617922
73,Hubli-Dharwad Central,1028,242736,2018,0.4235053720914903,0.4235053720914903
74,Hubli-Dharwad West,1962,255252,2018,0.768652155516901,0.768652155516901
75,Kalghatgi,1440,189693,2018,0.7591213170754851,0.7591213170754851
76,Haliyal,1277,172196,2018,0.7415967850588864,0.7415967850588864
77,Karwar,2359,217910,2018,1.0825570189527787,1.0825570189527787
78,Kumta,2192,180394,2018,1.2151180194463231,1.2151180194463231
79,Bhatkal,1986,214750,2018,0.9247962747380675,0.9247962747380675
80,Sirsi,1935,190834,2018,1.0139702568724651,1.0139702568724651
81,Yellapur,1421,170510,2018,0.8333822063222098,0.8333822063222098
82,Hangal,731,194354,2018,0.37611780565360114,0.37611780565360114
83,Shiggaon,1089,213210,2018,0.5107640354579991,0.5107640354579991
84,Haveri,2062,221791,2018,0.9297040907881745,0.9297040907881745
85,Byadgi,1469,200878,2018,0.7312896384870419,0.7312896384870419
86,Hirekerur,972,179355,2018,0.5419419586852889,0.5419419586852889
87,Ranibennur,1420,230349,2018,0.6164558995263709,0.6164558995263709
88,Hadagalli,2025,182959,2018,1.1068053498324761,1.1068053498324761
89,Hagaribommanahalli,1345,221213,2018,0.6080112832428474,0.6080112832428474
90,Vijayanagara,1754,229253,2018,0.7650935865615718,0.7650935865615718
91,Kampli,2125,212841,2018,0.9983978650729888,0.9983978650729888
92,Siruguppa,1997,203092,2018,0.9832982096783724,0.9832982096783724
93,Bellary,1695,219291,2018,0.7729455381205795,0.7729455381205795
94,Bellary City,1016,233284,2018,0.4355206529380497,0.4355206529380497
95,Sandur,1803,211504,2018,0.8524661472123459,0.8524661472123459
96,Kudligi,2055,198220,2018,1.0367268691353042,1.0367268691353042
97,Molakalmuru,1361,231151,2018,0.5887926074297753,0.5887926074297753
98,Challakere,1730,208942,2018,0.8279809707957232,0.8279809707957232
99,Chitradurga,1427,251003,2018,0.5685191013653224,0.5685191013653224
100,Hiriyur,1160,235486,2018,0.49259828609768735,0.49259828609768735
101,Hosadurga,1326,187137,2018,0.7085717949951106,0.7085717949951106
102,Holalkere,398,224444,2018,0.17732708381600756,0.17732708381600756
103,Jagalur,855,190117,2018,0.44972306527033357,0.44972306527033357
104,Harapanahalli,954,203812,2018,0.46807842521539456,0.46807842521539456
105,Harihar,1006,212182,2018,0.47412127324655245,0.47412127324655245
106,Davanagere North,1070,240405,2018,0.4450822570246043,0.4450822570246043
107,Davanagere South,888,206760,2018,0.42948345908299473,0.42948345908299473
108,Mayakonda,1258,190528,2018,0.6602704064494458,0.6602704064494458
109,Channagiri,946,196265,2018,0.48200137569102997,0.48200137569102997
110,Honnali,1250,193335,2018,0.6465461504642201,0.6465461504642201
111,Shimoga Rural,1328,211546,2018,0.6277594471178846,0.6277594471178846
112,Bhadravati,1427,207749,2018,0.6868865794781203,0.6868865794781203
113,Shimoga,875,256373,2018,0.34129959083054767,0.34129959083054767
114,Tirthahalli,1195,184189,2018,0.6487901014718577,0.6487901014718577
115,Shikaripura,903,188266,2018,0.47964050864202773,0.47964050864202773
116,Sorab,1039,184621,2018,0.562774548940803,0.562774548940803
117,Sagar,1511,193884,2018,0.7793319716944153,0.7793319716944153
118,Byndoor,1647,222468,2018,0.7403311936997681,0.7403311936997681
119,Kundapura,1813,199617,2018,0.908239278217787,0.908239278217787
120,Udupi,1089,207458,2018,0.5249255270946408,0.5249255270946408
121,Kapu,839,183004,2018,0.45845992437323774,0.45845992437323774
122,Karkal,1340,181031,2018,0.7402047163193044,0.7402047163193044
123,Sringeri,1015,166026,2018,0.6113500295134496,0.6113500295134496
124,Mudigere,1321,170221,2018,0.7760499585832535,0.7760499585832535
125,Chikmagalur,1224,216230,2018,0.5660639134255191,0.5660639134255191
126,Tarikere,758,182919,2018,0.41439106927109814,0.41439106927109814
127,Kadur,1075,201915,2018,0.5324022484708912,0.5324022484708912
128,Chiknayakanhalli,1116,212217,2018,0.5258768147697875,0.5258768147697875
129,Tiptur,856,181513,2018,0.47159156644427674,0.47159156644427674
130,Turuvekere,954,181202,2018,0.5264842551406718,0.5264842551406718
131,Kunigal,830,190424,2018,0.4358694282233332,0.4358694282233332
132,Tumkur City,1309,259542,2018,0.5043499703323547,0.5043499703323547
133,Tumkur Rural,1530,201767,2018,0.7583004158261757,0.7583004158261757
134,Koratagere,1351,202298,2018,0.6678266715439598,0.6678266715439598
135,Gubbi,457,182902,2018,0.24986058107620474,0.24986058107620474
136,Sira,568,212652,2018,0.26710306039914977,0.26710306039914977
137,Pavagada,794,197250,2018,0.40253485424588087,0.40253485424588087
138,Madhugiri,428,193354,2018,0.22135564818933148,0.22135564818933148
139,Gauribidanur,784,203048,2018,0.3861155982821796,0.3861155982821796
140,Bagepalli,680,197982,2018,0.34346556757685043,0.34346556757685043
141,Chikkaballapur,714,197826,2018,0.36092323557065303,0.36092323557065303
142,Sidlaghatta,958,198207,2018,0.4833330810718088,0.4833330810718088
143,Chintamani,877,214487,2018,0.40888258962081614,0.40888258962081614
144,Srinivaspur,689,206007,2018,0.33445465445348943,0.33445465445348943
145,Mulbagal,646,203419,2018,0.3175711216749665,0.3175711216749665
146,Kolar Gold Field,1750,190668,2018,0.9178257494702835,0.9178257494702835
147,Bangarapet,1127,193234,2018,0.5832306943912562,0.5832306943912562
148,Kolar,1195,225183,2018,0.530679491791121,0.530679491791121
149,Malur,696,181112,2018,0.3842925924289942,0.3842925924289942
150,Yelahanka,2051,387663,2018,0.5290677727820298,0.5290677727820298
151,K.R.Pura,2464,465508,2018,0.5293142115710149,0.5293142115710149
152,Byatarayanapura,2154,440396,2018,0.48910525981162406,0.48910525981162406
153,Yeshvanthapura,1453,474817,2018,0.30601263223515585,0.30601263223515585
154,Rajarajeshwarinagar,2724,471900,2018,0.5772409408773045,0.5772409408773045
155,Dasarahalli,2011,449950,2018,0.44693854872763644,0.44693854872763644
156,Mahalakshmi Layout,1739,292364,2018,0.5948064741213008,0.5948064741213008
157,Malleshwaram,2157,218931,2018,0.9852419255381833,0.9852419255381833
158,Hebbal,1450,265312,2018,0.5465263538776988,0.5465263538776988
159,Pulakeshinagar,1402,237288,2018,0.5908431947675399,0.5908431947675399
160,Sarvagnanagar,2405,347559,2018,0.6919688455772977,0.6919688455772977
161,C.V. Raman Nagar,2261,269010,2018,0.8404892011449389,0.8404892011449389
162,Shivajinagar,1654,196776,2018,0.8405496605277066,0.8405496605277066
163,Shanti Nagar,1386,226046,2018,0.6131495359351636,0.6131495359351636
164,Gandhi Nagar,2074,229803,2018,0.9025121517125537,0.9025121517125537
165,Rajaji Nagar,1931,211132,2018,0.9145937138851524,0.9145937138851524
166,Govindraj Nagar,1589,292976,2018,0.5423652449347387,0.5423652449347387
167,Vijay Nagar,1967,312449,2018,0.6295427413753925,0.6295427413753925
168,Chamrajpet,726,220951,2018,0.3285796398296455,0.3285796398296455
169,Chickpet,1340,223686,2018,0.5990540310971629,0.5990540310971629
170,Basavanagudi,1856,245328,2018,0.7565381856127308,0.7565381856127308
171,Padmanaba Nagar,2404,278223,2018,0.8640550924977446,0.8640550924977446
172,B.T.M.Layout,2365,270500,2018,0.8743068391866914,0.8743068391866914
174,Mahadevapura,3482,504890,2018,0.6896551724137931,0.6896551724137931
175,Bommanahalli,2491,414080,2018,0.6015745749613601,0.6015745749613601
176,Bangalore South,3952,603939,2018,0.6543707228710185,0.6543707228710185
177,Anekal,2115,359550,2018,0.5882352941176471,0.5882352941176471
178,Hosakote,539,213750,2018,0.2521637426900585,0.2521637426900585
179,Devanahalli,1300,202254,2018,0.6427561383211209,0.6427561383211209
180,Doddaballapur,1016,203231,2018,0.49992373210779856,0.49992373210779856
181,Nelamangala,1151,203761,2018,0.5648774790072684,0.5648774790072684
182,Magadi,839,224869,2018,0.37310611956294554,0.37310611956294554
183,Ramanagaram,1144,206999,2018,0.5526596746844188,0.5526596746844188
184,Kanakapura,1168,222602,2018,0.5247032820909066,0.5247032820909066
185,Channapatna,1103,217606,2018,0.5068794058987345,0.5068794058987345
186,Malavalli,1471,238777,2018,0.6160559852917158,0.6160559852917158
187,Maddur,1350,205471,2018,0.6570270257116576,0.6570270257116576
188,Melukote,979,195487,2018,0.5008005647434356,0.5008005647434356
189,Mandya,1008,227644,2018,0.4427966473968125,0.4427966473968125
190,Shrirangapattana,946,208945,2018,0.4527507238747039,0.4527507238747039
191,Nagamangala,647,206678,2018,0.3130473490163443,0.3130473490163443
192,Krishnarajpet,1093,205554,2018,0.5317337536608385,0.5317337536608385
193,Shravanabelagola,906,202255,2018,0.44794937084373687,0.44794937084373687
194,Arsikere,1079,208389,2018,0.5177816487434557,0.5177816487434557
195,Belur,1106,190544,2018,0.5804433621630699,0.5804433621630699
196,Hassan,953,212952,2018,0.44751868965776326,0.44751868965776326
197,Holenarasipur,984,209086,2018,0.4706197449853171,0.4706197449853171
198,Arkalgud,1189,215604,2018,0.5514739986271127,0.5514739986271127
199,Sakaleshpur,1597,195717,2018,0.8159740850309375,0.8159740850309375
200,Belthangady,1245,218935,2018,0.5686619316235413,0.5686619316235413
201,Moodabidri,1037,200066,2018,0.5183289514460229,0.5183289514460229
202,Mangalore City North,1166,234856,2018,0.49647443539871244,0.49647443539871244
203,Mangalore City South,1063,240092,2018,0.44274694700364864,0.44274694700364864
204,Mangalore,821,195746,2018,0.4194210865100692,0.4194210865100692
205,Bantval,946,221765,2018,0.426577683583974,0.426577683583974
206,Puttur,1227,201948,2018,0.6075821498603601,0.6075821498603601
207,Sullia,1310,198823,2018,0.658877494052499,0.658877494052499
208,Madikeri,1615,217386,2018,0.7429181272023038,0.7429181272023038
209,Virajpet,1733,217457,2018,0.7969391649843418,0.7969391649843418
210,Periyapatna,1178,180460,2018,0.6527762385016069,0.6527762385016069
211,Krishnarajanagara,1193,204182,2018,0.584282649792832,0.584282649792832
212,Hunsur,1534,224619,2018,0.682934213045201,0.682934213045201
213,Heggadadevankote,1596,214900,2018,0.742671009771987,0.742671009771987
214,Nanjangud,1947,209121,2018,0.9310399242543791,0.9310399242543791
215,Chamundeshwari,1549,295843,2018,0.5235885249946762,0.5235885249946762
216,Krishnaraja,1441,247135,2018,0.5830821211078965,0.5830821211078965
217,Chamaraja,1561,235672,2018,0.6623612478359755,0.6623612478359755
218,Narasimharaja,1206,262066,2018,0.46018941793288715,0.46018941793288715
219,Varuna,1497,221053,2018,0.6772131570256906,0.6772131570256906
220,T.Narasipur,1660,198441,2018,0.8365206786903915,0.8365206786903915
221,Hanur,1373,207662,2018,0.6611705559996532,0.6611705559996532
222,Kollegal,1524,211555,2018,0.7203800430148188,0.7203800430148188
223,Chamarajanagar,2063,206162,2018,1.000669376509735,1.000669376509735
224,Gundlupet,1231,205646,2018,0.5986014802135708,0.5986014802135708
1,Nippani,919,226662,2023,0.40544952396078743,0.40544952396078743
2,Chikkodi-Sadalga,957,224693,2023,0.4259144699656865,0.4259144699656865
3,Athani,1037,229195,2023,0.45245315124675495,0.45245315124675495
4,Kagwad,985,195985,2023,0.5025894838890732,0.5025894838890732
5,Kudachi,643,193564,2023,0.33218987001715194,0.33218987001715194
6,Raybag,1860,211461,2023,0.8795948189027764,0.8795948189027764
7,Hukkeri,1168,208204,2023,0.560988261512747,0.560988261512747
8,Arabhavi,930,248632,2023,0.37404678400205926,0.37404678400205926
9,Gokak,1060,256471,2023,0.4133020887351786,0.4133020887351786
10,Yemkanmardi,996,203082,2023,0.49044228439743554,0.49044228439743554
11,Belgaum Uttar,1161,251578,2023,0.4614870934660424,0.4614870934660424
12,Belgaum Dakshin,1599,248626,2023,0.6431346681360759,0.6431346681360759
13,Belgaum Rural,1165,259537,2023,0.44887626812362014,0.44887626812362014
14,Khanapur,1236,214456,2023,0.5763420002238222,0.5763420002238222
15,Kittur,802,195886,2023,0.4094218065609589,0.4094218065609589
16,Bailhongal,1319,195828,2023,0.6735502583900157,0.6735502583900157
17,Saundatti Yellamma,586,199847,2023,0.29322431660220066,0.29322431660220066
18,Ramdurg,1646,203880,2023,0.8073376495978026,0.8073376495978026
19,Mudhol,905,201307,2023,0.4495621116006895,0.4495621116006895
20,Terdal,894,227749,2023,0.39253739862743636,0.39253739862743636
21,Jamkhandi,984,214797,2023,0.4581069568010726,0.4581069568010726
22,Bilgi,1329,231594,2023,0.5738490634472395,0.5738490634472395
23,Badami,1479,220435,2023,0.6709460838796016,0.6709460838796016
24,Bagalkot,1236,245532,2023,0.5033967059283515,0.5033967059283515
25,Hungund,1053,222676,2023,0.47288437011622264,0.47288437011622264
26,Muddebihal,1234,217281,2023,0.5679281667518099,0.5679281667518099
27,Devar Hippargi,695,219228,2023,0.317021548342365,0.317021548342365
28,Basavana Bagevadi,838,210088,2023,0.3988804691367427,0.3988804691367427
29,Babaleshwar,611,217491,2023,0.2809311649677458,0.2809311649677458
30,Bijapur City,994,281726,2023,0.3528250853666328,0.3528250853666328
31,Nagthan,1016,269309,2023,0.37726180706920304,0.37726180706920304
32,Indi,886,242910,2023,0.3647441439216171,0.3647441439216171
33,Sindgi,963,236670,2023,0.40689567752566863,0.40689567752566863
34,Afzalpur,1608,228171,2023,0.7047346069395323,0.7047346069395323
35,Jevargi,1146,239914,2023,0.47767116550097116,0.47767116550097116
36,Shorapur,1259,275483,2023,0.4570154964190168,0.4570154964190168
37,Shahapur,1252,238979,2023,0.523895405035589,0.523895405035589
38,Yadgir,1609,237435,2023,0.6776591488196769,0.6776591488196769
39,Gurmitkal,1416,248181,2023,0.570551331487906,0.570551331487906
40,Chittapur,816,235755,2023,0.34612203346694664,0.34612203346694664
41,Sedam,691,225688,2023,0.3061748963170395,0.3061748963170395
42,Chincholi,1003,203600,2023,0.49263261296660116,0.49263261296660116
43,Gulbarga Rural,839,257752,2023,0.32550668859989446,0.32550668859989446
44,Gulbarga Dakshin,1284,279251,2023,0.4598013973092308,0.4598013973092308
45,Gulbarga Uttar,934,307091,2023,0.3041443741431693,0.3041443741431693
46,Aland,1316,241750,2023,0.544364012409514,0.544364012409514
47,Basavakalyan,502,246581,2023,0.2035842177621147,0.2035842177621147
48,Humnabad,729,245996,2023,0.2963462820533667,0.2963462820533667
49,Bidar South,671,205201,2023,0.3269964571322752,0.3269964571322752
50,Bidar,543,228035,2023,0.2381213410222115,0.2381213410222115
51,Bhalki,851,230959,2023,0.3684636667114076,0.3684636667114076
52,Aurad,464,219444,2023,0.21144346621461513,0.21144346621461513
53,Raichur Rural,1456,229071,2023,0.6356107931601992,0.6356107931601992
54,Raichur,588,232744,2023,0.25263809163716355,0.25263809163716355
55,Manvi,1255,233867,2023,0.5366297938571923,0.5366297938571923
56,Devadurga,2751,233492,2023,1.1781988247991366,1.1781988247991366
57,Lingsugur,1325,255628,2023,0.5183313252069414,0.5183313252069414
58,Sindhanur,1065,239285,2023,0.4450759554506133,0.4450759554506133
59,Maski,1295,211183,2023,0.6132122377274686,0.6132122377274686
60,Kushtagi,1592,233835,2023,0.6808219470994504,0.6808219470994504
61,Kanakagiri,1600,224068,2023,0.7140689433564811,0.7140689433564811
62,Gangawati,426,202243,2023,0.2106376982145241,0.2106376982145241
63,Yelburga,1565,223211,2023,0.7011303206383198,0.7011303206383198
64,Koppal,1317,254021,2023,0.5184610721160849,0.5184610721160849
65,Shirahatti,1642,226999,2023,0.7233512041903268,0.7233512041903268
66,Gadag,1543,222792,2023,0.6925742396495386,0.6925742396495386
67,Ron,1600,232510,2023,0.6881424454862156,0.6881424454862156
68,Nargund,1769,187212,2023,0.944918060808068,0.944918060808068
69,Navalgund,1120,207237,2023,0.5404440326775624,0.5404440326775624
70,Kundgol,1001,186825,2023,0.535795530576743,0.535795530576743
71,Dharwad,1521,214132,2023,0.7103095287019222,0.7103095287019222
72,Hubli-Dharwad East,798,209530,2023,0.3808523839068391,0.3808523839068391
73,Hubli-Dharwad Central,1251,249371,2023,0.5016621820500379,0.5016621820500379
74,Hubli-Dharwad West,1808,263230,2023,0.686851802606086,0.686851802606086
75,Kalghatgi,1137,194742,2023,0.5838494007456019,0.5838494007456019
76,Haliyal,941,181519,2023,0.5184030321894678,0.5184030321894678
77,Karwar,1773,219544,2023,0.8075829901978646,0.8075829901978646
78,Kumta,2085,188894,2023,1.1037936620538502,1.1037936620538502
79,Bhatkal,1223,222794,2023,0.5489375835974039,0.5489375835974039
80,Sirsi,1638,200755,2023,0.8159199023685587,0.8159199023685587
81,Yellapur,1457,182472,2023,0.7984786707001623,0.7984786707001623
82,Hangal,725,211927,2023,0.34209893029203453,0.34209893029203453
83,Shiggaon,1336,226226,2023,0.5905598825952808,0.5905598825952808
84,Haveri,1415,233307,2023,0.6064970189492814,0.6064970189492814
85,Byadgi,1491,208910,2023,0.7137044660380067,0.7137044660380067
86,Hirekerur,953,185982,2023,0.5124151799636524,0.5124151799636524
87,Ranibennur,1584,237234,2023,0.6676951870305269,0.6676951870305269
88,Hadagalli,823,191338,2023,0.4301288818739613,0.4301288818739613
89,Hagaribommanahalli,846,230042,2023,0.3677589309778215,0.3677589309778215
90,Vijayanagara,1599,249956,2023,0.6397125894157372,0.6397125894157372
91,Kampli,997,214473,2023,0.46486037869568664,0.46486037869568664
92,Siruguppa,1645,217209,2023,0.7573351012158797,0.7573351012158797
93,Bellary,1142,238361,2023,0.47910522275036604,0.47910522275036604
94,Bellary City,983,259221,2023,0.37921310387661494,0.37921310387661494
95,Sandur,1065,223337,2023,0.47685784263243436,0.47685784263243436
96,Kudligi,804,203802,2023,0.3945005446462743,0.3945005446462743
97,Molakalmuru,1561,243788,2023,0.6403104336554711,0.6403104336554711
98,Challakere,1639,220968,2023,0.7417363600159299,0.7417363600159299
99,Chitradurga,695,262552,2023,0.2647094670769981,0.2647094670769981
100,Hiriyur,691,243619,2023,0.2836396175996125,0.2836396175996125
101,Hosadurga,1030,197693,2023,0.5210098486036431,0.5210098486036431
102,Holalkere,1159,235346,2023,0.49246641115634004,0.49246641115634004
103,Jagalur,1996,193028,2023,1.0340468740286384,1.0340468740286384
104,Harapanahalli,926,217175,2023,0.42638425233106936,0.42638425233106936
105,Harihar,557,207589,2023,0.268318648868678,0.268318648868678
106,Davanagere North,919,241278,2023,0.38088843574631753,0.38088843574631753
107,Davanagere South,655,210708,2023,0.3108567306414564,0.3108567306414564
108,Mayakonda,718,191421,2023,0.37508946249366576,0.37508946249366576
109,Channagiri,555,199517,2023,0.2781717848604379,0.2781717848604379
110,Honnali,560,199012,2023,0.28139006693063734,0.28139006693063734
111,Shimoga Rural,1053,212458,2023,0.4956273710568677,0.4956273710568677
112,Bhadravati,803,212359,2023,0.3781332554777523,0.3781332554777523
113,Shimoga,1225,260757,2023,0.46978604601218765,0.46978604601218765
114,Tirthahalli,1164,188267,2023,0.6182708600020184,0.6182708600020184
115,Shikaripura,688,198883,2023,0.34593203038972664,0.34593203038972664
116,Sorab,1010,195341,2023,0.5170445528588469,0.5170445528588469
117,Sagar,1363,205262,2023,0.6640293868324386,0.6640293868324386
118,Byndoor,1208,235716,2023,0.5124811213494205,0.5124811213494205
119,Kundapura,1141,209592,2023,0.5443910072903546,0.5443910072903546
120,Udupi,1316,216989,2023,0.6064823562484735,0.6064823562484735
121,Kapu,805,189007,2023,0.42591015147587125,0.42591015147587125
122,Karkal,921,190611,2023,0.4831830272124904,0.4831830272124904
123,Sringeri,678,170579,2023,0.3974697940543678,0.3974697940543678
124,Mudigere,1166,172084,2023,0.6775760675019177,0.6775760675019177
125,Chikmagalur,849,230738,2023,0.36794979587237475,0.36794979587237475
126,Tarikere,736,193745,2023,0.37988077111667395,0.37988077111667395
127,Kadur,928,206584,2023,0.44921194284165283,0.44921194284165283
128,Chiknayakanhalli,778,218952,2023,0.35532902188607546,0.35532902188607546
129,Tiptur,635,184334,2023,0.3444833834235681,0.3444833834235681
130,Turuvekere,588,182717,2023,0.3218091365335464,0.3218091365335464
131,Kunigal,630,198794,2023,0.31691097316820427,0.31691097316820427
132,Tumkur City,1131,258925,2023,0.43680602491068843,0.43680602491068843
133,Tumkur Rural,1200,208826,2023,0.5746410887533162,0.5746410887533162
134,Koratagere,760,204692,2023,0.3712895472221679,0.3712895472221679
135,Gubbi,726,181139,2023,0.4007971778578881,0.4007971778578881
136,Sira,722,223648,2023,0.32282873086278435,0.32282873086278435
137,Pavagada,614,193100,2023,0.31796996374935266,0.31796996374935266
138,Madhugiri,618,193581,2023,0.3192462070141181,0.3192462070141181
139,Gauribidanur,561,210462,2023,0.26655643299027854,0.26655643299027854
140,Bagepalli,1003,201055,2023,0.4988684688269379,0.4988684688269379
141,Chikkaballapur,1050,209846,2023,0.5003669357528854,0.5003669357528854
142,Sidlaghatta,520,203564,2023,0.2554479180994675,0.2554479180994675
143,Chintamani,866,225460,2023,0.38410361039652263,0.38410361039652263
144,Srinivaspur,678,216763,2023,0.3127840083409069,0.3127840083409069
145,Mulbagal,922,216636,2023,0.4255987001237098,0.4255987001237098
146,Kolar Gold Field,1383,199982,2023,0.6915622406016542,0.6915622406016542
147,Bangarapet,1223,205294,2023,0.5957310004189114,0.5957310004189114
148,Kolar,1005,240487,2023,0.41790200717710313,0.41790200717710313
149,Malur,647,192717,2023,0.33572544196931253,0.33572544196931253
150,Yelahanka,2238,439087,2023,0.5096939786420459,0.5096939786420459
151,K.R.Pura,4396,510777,2023,0.8606495593967622,0.8606495593967622
152,Byatarayanapura,2383,508799,2023,0.4683578387536139,0.4683578387536139
153,Yeshvanthapura,2857,564208,2023,0.5063735360009074,0.5063735360009074
154,Rajarajeshwarinagar,2996,485815,2023,0.6166956557537334,0.6166956557537334
155,Dasarahalli,2179,457187,2023,0.476610227324924,0.476610227324924
156,Mahalakshmi Layout,2286,292040,2023,0.7827694836323791,0.7827694836323791
157,Malleshwaram,2079,227484,2023,0.9139104288653268,0.9139104288653268
158,Hebbal,1639,288971,2023,0.5671849424336698,0.5671849424336698
159,Pulakeshinagar,1190,239090,2023,0.49772052365218117,0.49772052365218117
160,Sarvagnanagar,2116,366876,2023,0.5767616306326934,0.5767616306326934
161,C.V. Raman Nagar,1999,271340,2023,0.7367140856490013,0.7367140856490013
162,Shivajinagar,1235,194070,2023,0.6363683207090225,0.6363683207090225
163,Shanti Nagar,1483,220880,2023,0.6714052879391524,0.6714052879391524
164,Gandhi Nagar,1692,231449,2023,0.7310465804561697,0.7310465804561697
165,Rajaji Nagar,1700,207557,2023,0.8190521158043332,0.8190521158043332
166,Govindraj Nagar,1504,296389,2023,0.5074412343238109,0.5074412343238109
167,Vijay Nagar,1640,305856,2023,0.5362000418497593,0.5362000418497593
168,Chamrajpet,1130,229914,2023,0.49148812164548483,0.49148812164548483
169,Chickpet,1287,221216,2023,0.5817843193982353,0.5817843193982353
170,Basavanagudi,1656,233600,2023,0.7089041095890412,0.7089041095890412
171,Padmanaba Nagar,2367,278959,2023,0.8485117884707072,0.8485117884707072
172,B.T.M.Layout,1785,275067,2023,0.648932805461942,0.648932805461942
174,Mahadevapura,4775,607255,2023,0.7863253493178318,0.7863253493178318
175,Bommanahalli,2456,452808,2023,0.5423932439356195,0.5423932439356195
176,Bangalore South,4006,695797,2023,0.575742637579639,0.575742637579639
177,Anekal,2354,402620,2023,0.5846704088222145,0.5846704088222145
178,Hosakote,507,234098,2023,0.21657596391254944,0.21657596391254944
179,Devanahalli,1509,212209,2023,0.7110914240206588,0.7110914240206588
180,Doddaballapur,1010,214240,2023,0.4714339058999253,0.4714339058999253
181,Nelamangala,979,217473,2023,0.45017082580366297,0.45017082580366297
182,Magadi,604,233433,2023,0.25874662108613605,0.25874662108613605
183,Ramanagaram,880,216086,2023,0.40724526345991874,0.40724526345991874
184,Kanakapura,762,224987,2023,0.3386862352047007,0.3386862352047007
185,Channapatna,1110,230381,2023,0.48181056597549277,0.48181056597549277
186,Malavalli,1256,248577,2023,0.5052760311694163,0.5052760311694163
187,Maddur,753,213854,2023,0.35210938303702527,0.35210938303702527
188,Melukote,480,200184,2023,0.23977940294928665,0.23977940294928665
189,Mandya,930,224370,2023,0.4144939162989704,0.4144939162989704
190,Shrirangapattana,1048,213244,2023,0.49145579711504195,0.49145579711504195
191,Nagamangala,577,214272,2023,0.2692839008363202,0.2692839008363202
192,Krishnarajpet,713,219983,2023,0.32411595441465935,0.32411595441465935
193,Shravanabelagola,667,205242,2023,0.3249822161156099,0.3249822161156099
194,Arsikere,617,216204,2023,0.2853786238922499,0.2853786238922499
195,Belur,767,197840,2023,0.38768701981399106,0.38768701981399106
196,Hassan,889,228436,2023,0.3891680820886375,0.3891680820886375
197,Holenarasipur,760,220511,2023,0.3446540081900676,0.3446540081900676
198,Arkalgud,624,227985,2023,0.2737022172511349,0.2737022172511349
199,Sakaleshpur,1231,205876,2023,0.597932736210146,0.597932736210146
200,Belthangady,892,228941,2023,0.3896200331089669,0.3896200331089669
201,Moodabidri,837,205099,2023,0.40809560261142175,0.40809560261142175
202,Mangalore City North,1194,249464,2023,0.47862617451816697,0.47862617451816697
203,Mangalore City South,1203,245805,2023,0.4894123390492463,0.4894123390492463
204,Mangalore,720,205149,2023,0.35096442098182296,0.35096442098182296
205,Bantval,821,228415,2023,0.35943348729286606,0.35943348729286606
206,Puttur,866,212848,2023,0.40686311358340227,0.40686311358340227
207,Sullia,2562,206210,2023,1.2424227729014112,1.2424227729014112
208,Madikeri,1516,232799,2023,0.6512055464155774,0.6512055464155774
209,Virajpet,1636,224936,2023,0.7273179926734715,0.7273179926734715
210,Periyapatna,621,195631,2023,0.3174343534511402,0.3174343534511402
211,Krishnarajanagara,539,218050,2023,0.24719101123595505,0.24719101123595505
212,Hunsur,894,241653,2023,0.36995195590371316,0.36995195590371316
213,Heggadadevankote,1184,225857,2023,0.5242255055189788,0.5242255055189788
214,Nanjangud,1452,220420,2023,0.6587424008710643,0.6587424008710643
215,Chamundeshwari,2220,329223,2023,0.6743149779936395,0.6743149779936395
216,Krishnaraja,1306,250435,2023,0.5214926028710045,0.5214926028710045
217,Chamaraja,1181,246297,2023,0.4795023893916694,0.4795023893916694
218,Narasimharaja,1209,288775,2023,0.41866505064496584,0.41866505064496584
219,Varuna,634,234533,2023,0.27032443195627054,0.27032443195627054
220,T.Narasipur,1335,204865,2023,0.6516486466697581,0.6516486466697581
221,Hanur,602,221630,2023,0.27162387763389434,0.27162387763389434
222,Kollegal,1671,216643,2023,0.7713150205637846,0.7713150205637846
223,Chamarajanagar,794,209521,2023,0.3789596269586342,0.3789596269586342
224,Gundlupet,1538,213888,2023,0.7190679233991621,0.7190679233991621
